{"cameraMode":{"drawMode":0,"name":"Shaded","section":"Shading Mode"},"sceneLighting":true,"audioPlay":false,"sceneViewState":{"m_AlwaysRefresh":false,"showFog":true,"showSkybox":true,"showFlares":true,"showImageEffects":true,"showParticleSystems":true,"showVisualEffectGraphs":true,"m_FxEnabled":true},"in2DMode":false,"pivot":{"x":33.148685455322269,"y":25.68086814880371,"z":10.183874130249024},"rotation":{"x":0.14701656997203828,"y":-0.8229274749755859,"z":0.24682177603244782,"w":0.49029484391212466},"size":1.0018391609191895,"orthographic":false}